"id","title","done","due_date"
"305","explicabo enim cumque porro aperiam occaecati minima","0","1582620058"
"306","sed ab consequatur","0","1582620058"
"307","non sunt delectus illo nulla tenetur enim omnis","0","1582620058"
"308","excepturi non laudantium quo","0","1582620058"
"309","totam quia dolorem et illum repellat voluptas optio","0","1582620058"
"310","ad illo quis voluptatem temporibus","0","1582620058"
"311","praesentium facilis omnis laudantium fugit ad iusto nihil nesciunt","0","1582620058"
"312","a eos eaque nihil et exercitationem incidunt delectus","0","1582620058"
"313","autem temporibus harum quisquam in culpa","0","1582620058"
"314","aut aut ea corporis","0","1582620058"
"315","magni accusantium labore et id quis provident","0","1582620058"
"316","consectetur impedit quisquam qui deserunt non rerum consequuntur eius","0","1582620058"
"317","quia atque aliquam sunt impedit voluptatum rerum assumenda nisi","0","1582620058"
"318","cupiditate quos possimus corporis quisquam exercitationem beatae","0","1582620058"
"319","sed et ea eum","0","1582620058"
"320","ipsa dolores vel facilis ut","0","1582620058"
"321","sequi quae est et qui qui eveniet asperiores","0","1582620058"
"322","quia modi consequatur vero fugiat","0","1582620058"
"323","corporis ducimus ea perspiciatis iste","0","1582620058"
"324","dolorem laboriosam vel voluptas et aliquam quasi","0","1582620058"
"325","inventore aut nihil minima laudantium hic qui omnis","0","1582620058"
"326","provident aut nobis culpa","0","1582620058"
"327","esse et quis iste est earum aut impedit","0","1582620058"
"328","qui consectetur id","0","1582620058"
"329","aut quasi autem iste tempore illum possimus","0","1582620058"
"330","ut asperiores perspiciatis veniam ipsum rerum saepe","0","1582620058"
"331","voluptatem libero consectetur rerum ut","0","1582620058"
"332","eius omnis est qui voluptatem autem","0","1582620058"
"333","rerum culpa quis harum","0","1582620058"
"334","nulla aliquid eveniet harum laborum libero alias ut unde","0","1582620058"
"335","qui ea incidunt quis","0","1582620058"
"336","qui molestiae voluptatibus velit iure harum quisquam","0","1582620058"
"337","et labore eos enim rerum consequatur sunt","0","1582620058"
"338","molestiae doloribus et laborum quod ea","0","1582620058"
"339","facere ipsa nam eum voluptates reiciendis vero qui","0","1582620058"
"340","asperiores illo tempora fuga sed ut quasi adipisci","0","1582620058"
"341","qui sit non","0","1582620058"
"342","placeat minima consequatur rem qui ut","0","1582620058"
"343","consequatur doloribus id possimus voluptas a voluptatem","0","1582620058"
"344","aut consectetur in blanditiis deserunt quia sed laboriosam","0","1582620058"
"345","explicabo consectetur debitis voluptates quas quae culpa rerum non","0","1582620058"
"346","maiores accusantium architecto necessitatibus reiciendis ea aut","0","1582620058"
"347","eum non recusandae cupiditate animi","0","1582620058"
"348","ut eum exercitationem sint","0","1582620058"
"349","beatae qui ullam incidunt voluptatem non nisi aliquam","0","1582620058"
"350","molestiae suscipit ratione nihil odio libero impedit vero totam","0","1582620058"
"351","eum itaque quod reprehenderit et facilis dolor autem ut","0","1582620058"
"352","esse quas et quo quasi exercitationem","0","1582620058"
"353","animi voluptas quod perferendis est","0","1582620058"
"354","eos amet tempore laudantium fugit a","0","1582620058"
"355","accusamus adipisci dicta qui quo ea explicabo sed vero","0","1582620058"
"356","odit eligendi recusandae doloremque cumque non","0","1582620058"
"357","ea aperiam consequatur qui repellat eos","0","1582620058"
"358","rerum non ex sapiente","0","1582620058"
"359","voluptatem nobis consequatur et assumenda magnam","0","1582620058"
"360","nam quia quia nulla repellat assumenda quibusdam sit nobis","0","1582620058"
"361","dolorem veniam quisquam deserunt repellendus","0","1582620058"
"362","debitis vitae delectus et harum accusamus aut deleniti a","0","1582620058"
"363","debitis adipisci quibusdam aliquam sed dolore ea praesentium nobis","0","1582620058"
"364","et praesentium aliquam est","0","1582620058"
