"id","title","done","due_date"
"268","voluptas consequatur qui ut quia magnam nemo esse","0","1582620058"
"269","fugiat pariatur ratione ut asperiores necessitatibus magni","0","1582620058"
"270","rerum eum molestias autem voluptatum sit optio","0","1582620058"
"271","quia voluptatibus voluptatem quos similique maiores repellat","0","1582620058"
"272","aut id perspiciatis voluptatem iusto","0","1582620058"
"273","doloribus sint dolorum ab adipisci itaque dignissimos aliquam suscipit","0","1582620058"
"274","ut sequi accusantium et mollitia delectus sunt","0","1582620058"
"275","aut velit saepe ullam","0","1582620058"
"276","praesentium facilis facere quis harum voluptatibus voluptatem eum","0","1582620058"
"277","sint amet quia totam corporis qui exercitationem commodi","0","1582620058"
"278","expedita tempore nobis eveniet laborum maiores","0","1582620058"
"279","occaecati adipisci est possimus totam","0","1582620058"
"280","sequi dolorem sed","0","1582620058"
"281","maiores aut nesciunt delectus exercitationem vel assumenda eligendi at","0","1582620058"
"282","reiciendis est magnam amet nemo iste recusandae impedit quaerat","0","1582620058"
"283","eum ipsa maxime ut","0","1582620058"
"284","tempore molestias dolores rerum sequi voluptates ipsum consequatur","0","1582620058"
"285","suscipit qui totam","0","1582620058"
"286","voluptates eum voluptas et dicta","0","1582620058"
"287","quidem at rerum quis ex aut sit quam","0","1582620058"
"288","sunt veritatis ut voluptate","0","1582620058"
"289","et quia ad iste a","0","1582620058"
"290","incidunt ut saepe autem","0","1582620058"
"291","laudantium quae eligendi consequatur quia et vero autem","0","1582620058"
"292","vitae aut excepturi laboriosam sint aliquam et et accusantium","0","1582620058"
"293","sequi ut omnis et","0","1582620058"
"294","molestiae nisi accusantium tenetur dolorem et","0","1582620058"
"295","nulla quis consequatur saepe qui id expedita","0","1582620058"
"296","in omnis laboriosam","0","1582620058"
"297","odio iure consequatur molestiae quibusdam necessitatibus quia sint","0","1582620058"
"298","facilis modi saepe mollitia","0","1582620058"
"299","vel nihil et molestiae iusto assumenda nemo quo ut","0","1582620058"
"300","nobis suscipit ducimus enim asperiores voluptas","0","1582620058"
"301","dolorum laboriosam eos qui iure aliquam","0","1582620058"
"302","debitis accusantium ut quo facilis nihil quis sapiente necessitatibus","0","1582620058"
"303","neque voluptates ratione","0","1582620058"
"304","excepturi a et neque qui expedita vel voluptate","0","1582620058"