"id","title","done","due_date"
"223","molestiae ipsa aut voluptatibus pariatur dolor nihil","0","1582620058"
"224","ullam nobis libero sapiente ad optio sint","0","1582620058"
"225","suscipit repellat esse quibusdam voluptatem incidunt","0","1582620058"
"226","distinctio vitae autem nihil ut molestias quo","0","1582620058"
"227","et itaque necessitatibus maxime molestiae qui quas velit","0","1582620058"
"228","adipisci non ad dicta qui amet quaerat doloribus ea","0","1582620058"
"229","voluptas quo tenetur perspiciatis explicabo natus","0","1582620058"
"230","aliquam aut quasi","0","1582620058"
"231","veritatis pariatur delectus","0","1582620058"
"232","nesciunt totam sit blanditiis sit","0","1582620058"
"233","laborum aut in quam","0","1582620058"
"234","nemo perspiciatis repellat ut dolor libero commodi blanditiis omnis","0","1582620058"
"235","repudiandae totam in est sint facere fuga","0","1582620058"
"236","earum doloribus ea doloremque quis","0","1582620058"
"237","sint sit aut vero","0","1582620058"
"238","porro aut necessitatibus eaque distinctio","0","1582620058"
"239","repellendus veritatis molestias dicta incidunt","0","1582620058"
"240","excepturi deleniti adipisci voluptatem et neque optio illum ad","0","1582620058"
"241","sunt cum tempora","0","1582620058"
"242","totam quia non","0","1582620058"
"243","doloremque quibusdam asperiores libero corrupti illum qui omnis","0","1582620058"
"244","totam atque quo nesciunt","0","1582620058"
"245","aliquid amet impedit consequatur aspernatur placeat eaque fugiat suscipit","0","1582620058"
"246","rerum perferendis error quia ut eveniet","0","1582620058"
"247","tempore ut sint quis recusandae","0","1582620058"
"248","cum debitis quis accusamus doloremque ipsa natus sapiente omnis","0","1582620058"
"249","velit soluta adipisci molestias reiciendis harum","0","1582620058"
"250","vel voluptatem repellat nihil placeat corporis","0","1582620058"
"251","nam qui rerum fugiat accusamus","0","1582620058"
"252","sit reprehenderit omnis quia","0","1582620058"
"253","ut necessitatibus aut maiores debitis officia blanditiis velit et","0","1582620058"
"254","cupiditate necessitatibus ullam aut quis dolor voluptate","0","1582620058"
"255","distinctio exercitationem ab doloribus","0","1582620058"
"256","nesciunt dolorum quis recusandae ad pariatur ratione","0","1582620058"
"257","qui labore est occaecati recusandae aliquid quam","0","1582620058"
"258","quis et est ut voluptate quam dolor","0","1582620058"
"259","voluptatum omnis minima qui occaecati provident nulla voluptatem ratione","0","1582620058"
"260","deleniti ea temporibus enim","0","1582620058"
"261","pariatur et magnam ea doloribus similique voluptatem rerum quia","0","1582620058"
"262","est dicta totam qui explicabo doloribus qui dignissimos","0","1582620058"
"263","perspiciatis velit id laborum placeat iusto et aliquam odio","0","1582620058"
"264","et sequi qui architecto ut adipisci","0","1582620058"
"265","odit optio omnis qui sunt","0","1582620058"
"266","et placeat et tempore aspernatur sint numquam","0","1582620058"
"267","doloremque aut dolores quidem fuga qui nulla","0","1582620058"